{"mepe": [0.146269846929576, 0.1184323407265444, 0.11760815917756924, 0.11361619641690344, 0.10213241832149607, 0.09781205351543457, 0.09550745519678182, 0.09515422263029365, 0.09289969042037044, 0.0898088263619661], "random": [0.18081077848592655, 0.16037816691317397, 0.1372036765936348, 0.1464307578672142, 0.13623796301433802, 0.13750965265872112, 0.12436425618047535, 0.11987238630910382, 0.10878959757190465, 0.11519642054033], "ud": [0.15246960934485324, 0.14374757836046273, 0.1313842017045349, 0.11987553402953091, 0.1257646363014128, 0.10695934994740575, 0.10516961410753138, 0.09113388731347305, 0.0911866778139551, 0.09184440447601387]}