{"mepe": [0.146269846929576, 0.1184323407265444, 0.11760815917756924, 0.11361619641690344, 0.10213241832149607, 0.09781205351543457, 0.09550745519678182, 0.09515422263029365, 0.09289969042037044, 0.0898088263619661], "random": [0.18081077848592655, 0.16037816691317397, 0.1372036765936348, 0.1464307578672142, 0.13623796301433802, 0.13750965265872112, 0.12436425618047535, 0.11987238630910382, 0.10878959757190465, 0.11519642054033], "ud": [0.2544866672282797, 0.1427214009982062, 0.11728798323802109, 0.12244322063247422, 0.12363599919670942, 0.10626121635161631, 0.10271349270699187, 0.09114313193060862, 0.0888994766673703, 0.08991772325347995]}