{"mepe": [0.146269846929576, 0.14602006757218816, 0.11843234070197621, 0.11277344104445626, 0.11277175536707731, 0.11560502992669314, 0.11353664268461182, 0.10858917099092744, 0.11119364373989885, 0.11251140625761506, 0.10537410908362237, 0.10024924039570349, 0.09850526689833078, 0.0977545718019385, 0.09702534898583162, 0.09495686924087413, 0.09463678110069727, 0.0914573409949073, 0.08635307194771058], "random": [0.18081077848592655, 0.17501784178120305, 0.15947384269709225, 0.15657362280846038, 0.1519064438428195, 0.13978146315020984, 0.14460275111758245, 0.1412323381447294, 0.14247039213570667, 0.12620298817891756, 0.12350555115265904, 0.12714757046268862, 0.1322524102313119, 0.11837400182872984, 0.11665159846196811, 0.11513392052259915, 0.12244952891740306, 0.11446608035142, 0.11271779977023447], "ud": [0.15246960934485324, 0.17796173855659944, 0.14374757864494278, 0.13070789465374355, 0.13138420166092388, 0.13016231609281204, 0.11987553396878099, 0.12035877464106992, 0.12576463629225532, 0.1287198258680491, 0.10695934992914788, 0.11175588229878203, 0.10516961417978515, 0.1018233824952163, 0.09113388731470108, 0.09163452002793653, 0.09118667779476937, 0.10730160245914191, 0.09184440450689836]}