{"mepe": [0.1577366648522686, 0.13195851915279697, 0.112155195040726, 0.10244402987041831, 0.09987795474625522, 0.1009204889924213, 0.09216382344126896, 0.09281167385151093, 0.08919695772213344, 0.08773458439213423], "random": [0.18081077848592655, 0.16037816691317397, 0.1372036765936348, 0.1464307578672142, 0.13623796301433802, 0.13750965265872112, 0.12436425618047535, 0.11987238630910382, 0.10878959757190465, 0.11519642054033], "ud": [0.15246960934485324, 0.14374757836046273, 0.1313842017045349, 0.11987553402953091, 0.1257646363014128, 0.10695934994740575, 0.10516961410753138, 0.09113388731347305, 0.0911866778139551, 0.09184440447601387]}